Name,Base Price
10-10-0001,
10-10-0002,
10-10-0004,
10-10-0005,
10-10-0006,
10-10-0007,
10-10-0008,
10-10-0009,
10-10-0010,
10-10-0011,
10-10-0012,
10-10-0013,
10-10-0014,
10-10-0015,
10-20-0001,
10-20-0002,
10-20-0004,
10-20-0005,
10-20-0006,
10-20-0007,
10-20-0008,
10-20-0009,
10-20-0010,
10-20-0011,
10-20-0012,
10-20-0013,
10-20-0014,
10-20-0017,
10-20-0018,
10-20-0019,
10-20-0020,
10-20-0021,
10-20-0022,
10-20-0023,
10-20-0024,
10-20-0025,
10-20-0027,
10-20-0028,
10-20-0029,
10-20-0030,
10-20-0031,
10-20-0032,
10-20-0033,
10-20-0034,
10-20-0035,
10-20-0036,
10-20-0037,
10-20-0038,
10-20-0039,
10-20-0041,
10-20-0043,
10-20-0044,
10-20-0045,
10-20-0046,
10-20-0047,
10-20-0048,
10-20-0049,
10-20-0050,
10-20-0051,
10-20-0052,
10-20-0053,
10-20-0054,
10-20-0055,
10-20-0056,
10-20-0057,
10-20-0058,
10-20-0059,
10-20-0060,
10-20-0061,
10-20-0062,
10-20-0063,
10-20-0064,
10-20-0065,
10-20-0067,
10-20-0068,
10-20-0069,
10-20-0070,
10-20-0071,
10-20-0072,
10-20-0073,
10-20-0074,
10-20-0076,
10-20-0077,
10-20-0078,
10-20-0079,
10-20-0080,
10-20-0081,
10-20-0082,
10-20-0083,
10-20-0084,
10-20-0085,
10-20-0086,
10-20-0087,
10-20-0088,
10-20-0089,
10-20-0090,
10-20-0091,
10-20-0092,
10-20-0093,
10-20-0094,
10-20-0096,
10-20-0097,
10-20-0098,
10-20-0099,
10-20-0100,
10-20-0101,
10-20-0102,
10-20-0103,
10-20-0104,
10-20-0105,
10-20-0106,
10-20-0107,
10-20-0108,
10-20-0109,
10-20-0110,
10-20-0111,
10-20-0112,
10-20-0113,
10-20-0115,
10-20-0116,
10-20-0117,
10-20-0118,
10-20-0119,
10-20-0120,
10-20-0122,
10-20-0123,
10-20-0124,
10-20-0125,
10-20-0126,
10-20-0127,
10-20-0128,
10-20-0129,
10-20-0130,
10-20-0131,
10-20-0132,
10-20-0133,
10-20-0134,
10-20-0135,
10-20-0136,
10-20-0137,
10-20-0138,
10-20-0139,
10-20-0140,
10-20-0141,
10-20-0142,
10-20-0143,
10-20-0144,
10-20-0145,
10-20-0146,
10-20-0147,
10-20-0148,
10-20-0149,
10-20-0150,
10-20-0151,
10-20-0152,
10-20-0153,
10-20-0154,
10-20-0155,
10-20-0156,
10-20-0157,
10-20-0158,
10-20-0159,
10-20-0160,
10-20-0161,
10-20-0162,
10-20-0163,
10-20-0164,
10-20-0165,
10-20-0166,
10-20-0167,
10-20-0168,
10-20-0169,
10-20-0170,
10-20-0171,
10-20-0172,
10-20-0173,
10-20-0174,
10-20-0175,
10-20-0176,
10-20-0177,
10-20-0178,
10-20-0179,
10-20-0180,
10-20-0181,
10-20-0182,
10-20-0183,
10-20-0184,
10-20-0185,
10-20-0186,
10-20-0188,
10-20-0189,
10-20-0190,
10-20-0191,
10-20-0192,
10-20-0193,
10-20-0194,
10-20-0195,
10-20-0196,
10-20-0197,
10-20-0198,
10-20-0199,
10-20-0200,
10-20-0201,
10-20-0202,
10-20-0203,
10-20-0204,
10-20-0205,
10-20-0206,
10-20-0207,
10-20-0208,
10-20-0209,
10-20-0210,
10-20-0211,
10-20-0212,
10-20-0213,
10-20-0214,
10-20-0215,
10-20-0216,
10-20-0217,
10-20-0218,
10-20-0221,
10-20-0222,
10-20-0223,
10-20-0224,
10-20-0225,
10-20-0226,
10-20-0227,
10-20-0228,
10-20-0229,
10-20-0230,
10-20-0231,
10-20-0232,
10-20-0233,
10-20-0234,
10-20-0235,
10-20-0236,
10-20-0237,
10-20-0238,
10-20-0239,
10-20-0240,
10-20-0241,
10-20-0242,
10-20-0243,
10-20-0244,
10-20-0245,
10-20-0246,
10-20-0247,
10-20-0248,
10-20-0249,
10-20-0250,
10-20-0251,
10-20-0252,
10-20-0253,
10-20-0254,
10-20-0255,
10-20-0256,
10-20-0257,
10-20-0258,
10-20-0259,
10-20-0260,
10-20-0261,
10-20-0262,
10-20-0263,
10-30-0001,
10-30-0002,
10-30-0003,
10-30-0004,
10-30-0005,
10-30-0006,
10-30-0008,
10-30-0009,
10-30-0010,
10-30-0011,
10-30-0012,
10-30-0013,
10-30-0014,
10-30-0015,
10-30-0016,
10-30-0017,
10-30-0018,
10-30-0019,
10-30-0021,
10-30-0022,
10-30-0023,
10-30-0024,
10-30-0025,
10-30-0026,
10-30-0027,
10-30-0028,
10-30-0029,
10-30-0030,
10-30-0031,
10-30-0032,
10-30-0033,
10-30-0034,
10-30-0035,
10-30-0036,
10-30-0037,
10-30-0038,
10-30-0040,
10-30-0041,
10-30-0042,
10-30-0043,
10-30-0044,
10-30-0045,
10-30-0046,
10-30-0047,
10-30-0048,
10-30-0049,
10-30-0050,
10-30-0052,
10-30-0053,
10-30-0054,
10-30-0055,
10-30-0056,
10-30-0057,
10-30-0058,
10-30-0059,
10-30-0060,
10-30-0062,
10-30-0063,
10-30-0064,
10-30-0066,
10-30-0067,
10-30-0068,
10-30-0069,
10-30-0070,
10-30-0071,
10-30-0072,
10-30-0073,
10-30-0076,
10-30-0078,
10-30-0079,
10-30-0080,
10-30-0081,
10-30-0082,
10-30-0083,
10-30-0084,
10-30-0085,
10-30-0086,
10-30-0087,
10-30-0088,
10-30-0089,
10-30-0090,
10-30-0091,
10-30-0092,
10-30-0094,
10-30-0096,
10-30-0097,
10-30-0098,
10-30-0099,
10-30-0100,
10-30-0101,
10-30-0102,
10-30-0103,
10-30-0104,
10-30-0105,
10-30-0106,
10-30-0107,
10-30-0108,
10-30-0110,
10-30-0111,
10-30-0112,
10-30-0114,
10-30-0115,
10-30-0118,
10-30-0119,
10-30-0120,
10-30-0121,
10-30-0122,
10-30-0123,
10-30-0124,
10-30-0125,
10-30-0126,
10-30-0127,
10-30-0128,
10-30-0129,
10-30-0130,
10-30-0131,
10-30-0132,
10-30-0133,
10-30-0134,
10-30-0135,
10-30-0136,
10-30-0138,
10-30-0139,
10-30-0140,
10-30-0141,
10-30-0142,
10-30-0144,
10-30-0145,
10-30-0146,
10-30-0147,
10-30-0148,
10-30-0149,
10-30-0150,
10-30-0151,
10-30-0152,
10-30-0153,
10-30-0154,
10-30-0155,
10-30-0156,
10-30-0157,
10-30-0158,
10-30-0159,
10-30-0161,
10-30-0162,
10-30-0163,
10-30-0164,
10-30-0165,
10-30-0166,
10-30-0167,
10-30-0169,
10-30-0172,
10-30-0173,
10-30-0174,
10-30-0175,
10-30-0176,
10-30-0177,
10-30-0178,
10-30-0179,
10-30-0180,
10-30-0181,
10-30-0182,
10-30-0183,
10-30-0184,
10-30-0185,
10-30-0186,
10-30-0187,
10-30-0188,
10-30-0189,
10-30-0190,
10-30-0191,
10-30-0192,
10-30-0193,
10-30-0194,
10-30-0195,
10-30-0196,
10-30-0197,
10-30-0198,
10-30-0199,
10-30-0200,
10-30-0201,
10-30-0202,
10-30-0203,
10-30-0204,
10-30-0205,
10-30-0206,
10-30-0207,
10-30-0208,
10-30-0209,
10-30-0210,
10-30-0211,
10-30-0212,
10-30-0213,
10-30-0214,
10-30-0215,
10-30-0216,
10-30-0218,
10-30-0219,
10-30-0220,
10-30-0221,
10-30-0222,
10-30-0223,
10-30-0224,
10-30-0225,
10-30-0227,
10-30-0228,
10-30-0229,
10-30-0230,
10-30-0231,
10-30-0232,
10-30-0233,
10-30-0234,
10-30-0235,
10-30-0236,
10-30-0237,
10-30-0238,
10-30-0239,
10-30-0240,
10-30-0241,
10-30-0242,
10-30-0243,
10-30-0244,
10-30-0245,
10-30-0246,
10-30-0247,
10-30-0249,
10-30-0250,
10-30-0251,
10-30-0252,
10-30-0255,
10-30-0256,
10-30-0257,
10-30-0258,
10-30-0259,
10-30-0260,
10-30-0261,
10-30-0262,
10-30-0263,
10-30-0264,
10-30-0265,
10-30-0266,
10-30-0267,
10-30-0268,
10-30-0269,
10-30-0270,
10-30-0271,
10-30-0272,
10-30-0273,
10-30-0274,
10-30-0275,
10-30-0276,
10-30-0277,
10-30-0278,
10-30-0279,
10-30-0280,
10-30-0281,
10-30-0282,
10-30-0283,
10-30-0284,
10-30-0285,
20-03-0358,
20-10-0001,
20-10-0002,
20-10-0003,
20-10-0004,
20-10-0005,
20-10-0006,
20-10-0007,
20-10-0008,
20-10-0009,
20-10-0010,
20-10-0011,
20-10-0012,
20-10-0013,
20-10-0014,
20-10-0015,
20-10-0016,
20-10-0017,
20-10-0018,
20-10-0020,
20-10-0021,
20-10-0022,
20-10-0023,
20-10-0024,
20-10-0025,
20-10-0026,
20-10-0027,
20-10-0028,
20-10-0029,
20-10-0030,
20-10-0031,
20-10-0032,
20-10-0033,
20-10-0034,
20-10-0035,
20-10-0036,
20-10-0037,
20-10-0038,
20-10-0039,
20-10-0040,
20-10-0041,
20-10-0042,
20-10-0043,
20-10-0044,
20-10-0045,
20-10-0046,
20-10-0047,
20-10-0048,
20-10-0049,
20-10-0050,
20-10-0051,
20-10-0052,
20-10-0053,
20-10-0054,
20-10-0055,
20-10-0056,
20-10-0057,
20-10-0058,
20-10-0060,
20-10-0063,
20-10-0064,
20-10-0065,
20-10-0066,
20-10-0068,
20-10-0069,
20-10-0070,
20-10-0071,
20-10-0072,
20-10-0073,
20-10-0074,
20-10-0075,
20-10-0076,
20-10-0077,
20-10-0078,
20-10-0080,
20-10-0081,
20-10-0082,
20-10-0083,
20-10-0084,
20-10-0085,
20-10-0086,
20-10-0087,
20-10-0088,
20-10-0089,
20-10-0090,
20-10-0091,
20-10-0092,
20-10-0093,
20-10-0094,
20-10-0095,
20-10-0096,
20-10-0097,
20-10-0098,
20-10-0100,
20-10-0101,
20-10-0102,
20-10-0103,
20-10-0104,
20-10-0106,
20-10-0107,
20-10-0108,
20-10-0111,
20-10-0112,
20-10-0113,
20-10-0114,
20-10-0115,
20-10-0116,
20-10-0117,
20-10-0118,
20-10-0119,
20-10-0120,
20-10-0121,
20-10-0122,
20-10-0123,
20-10-0124,
20-10-0125,
20-10-0126,
20-10-0127,
20-10-0128,
20-10-0129,
20-10-0130,
20-10-0131,
20-10-0132,
20-10-0133,
20-10-0134,
20-10-0135,
20-10-0136,
20-10-0137,
20-10-0138,
20-10-0139,
20-10-0140,
20-10-0141,
20-10-0142,
20-10-0143,
20-10-0144,
20-10-0145,
20-10-0146,
20-10-0147,
20-10-0148,
20-10-0149,
20-10-0150,
20-10-0151,
20-10-0152,
20-10-0153,
20-10-0154,
20-10-0155,
20-10-0156,
20-10-0157,
20-10-0158,
20-10-0159,
20-10-0161,
20-10-0162,
20-10-0163,
20-10-0164,
20-10-0165,
20-10-0167,
20-10-0168,
20-10-0169,
20-10-0170,
20-10-0171,
20-10-0172,
20-10-0173,
20-10-0174,
20-10-0175,
20-10-0176,
20-10-0177,
20-10-0178,
20-10-0179,
20-10-0180,
20-10-0181,
20-10-0182,
20-10-0183,
20-10-0184,
20-10-0185,
20-10-0186,
20-10-0187,
20-10-0188,
20-10-0189,
20-10-0190,
20-10-0191,
20-10-0192,
20-10-0193,
20-10-0194,
20-10-0195,
20-10-0196,
20-10-0197,
20-10-0198,
20-10-0199,
20-10-0200,
20-10-0201,
20-10-0202,
20-10-0203,
20-10-0204,
20-10-0205,
20-10-0206,
20-10-0207,
20-10-0208,
20-10-0209,
20-10-0210,
20-10-0211,
20-10-0214,
20-10-0215,
20-10-0216,
20-10-0217,
20-10-0218,
20-10-0219,
20-10-0220,
20-10-0221,
20-10-0222,
20-10-0223,
20-10-0224,
20-10-0225,
20-10-0227,
20-10-0228,
20-10-0229,
20-10-0230,
20-10-0231,
20-10-0232,
20-10-0233,
20-10-0234,
20-10-0235,
20-10-0236,
20-10-0237,
20-10-0238,
20-10-0239,
20-10-0240,
20-10-0241,
20-10-0243,
20-10-0244,
20-10-0245,
20-10-0246,
20-10-0247,
20-10-0248,
20-10-0249,
20-10-0250,
20-10-0251,
20-10-0252,
20-10-0253,
20-10-0254,
20-10-0255,
20-10-0256,
20-10-0257,
20-10-0258,
20-10-0259,
20-10-0260,
20-10-0261,
20-10-0262,
20-10-0263,
20-10-0264,
20-10-0265,
20-10-0266,
20-10-0267,
20-10-0268,
20-10-0269,
20-10-0270,
20-10-0271,
20-10-0272,
20-10-0273,
20-10-0275,
20-10-0276,
20-10-0277,
20-10-0278,
20-10-0279,
20-10-0282,
20-10-0283,
20-10-0285,
20-10-0286,
20-10-0287,
20-10-0288,
20-10-0289,
20-10-0290,
20-10-0291,
20-10-0292,
20-10-0293,
20-10-0294,
20-10-0295,
20-10-0296,
20-10-0297,
20-10-0298,
20-10-0299,
20-10-0300,
20-10-0301,
20-10-0302,
20-10-0303,
20-10-0304,
20-10-0306,
20-10-0307,
20-10-0308,
20-10-0309,
20-10-0310,
20-10-0311,
20-10-0312,
20-10-0313,
20-10-0314,
20-10-0315,
20-10-0316,
20-10-0317,
20-10-0318,
20-10-0319,
20-10-0320,
20-10-0321,
20-10-0322,
20-10-0323,
20-10-0324,
20-10-0325,
20-10-0326,
20-10-0327,
20-10-0328,
20-10-0329,
20-10-0330,
20-10-0331,
20-10-0332,
20-10-0333,
20-10-0334,
20-10-0335,
20-10-0336,
20-10-0337,
20-10-0338,
20-10-0339,
20-10-0340,
20-10-0341,
20-10-0342,
20-10-0343,
20-10-0344,
20-10-0345,
20-10-0346,
20-10-0347,
20-10-0348,
20-10-0349,
20-10-0351,
20-10-0352,
20-10-0353,
20-10-0354,
20-10-0355,
20-10-0356,
20-10-0357,
20-10-0358,
20-10-0359,
20-10-0360,
20-10-0361,
20-10-0363,
20-10-0365,
20-10-0366,
20-10-0367,
20-10-0368,
20-10-0369,
20-10-0370,
20-10-0371,
20-10-0372,
20-10-0373,
20-10-0374,
20-10-0375,
20-10-0376,
20-10-0377,
20-10-0378,
20-10-0380,
20-10-0381,
20-10-0383,
20-10-0384,
20-10-0385,
20-10-0386,
20-10-0387,
20-10-0388,
20-10-0389,
20-10-0390,
20-10-0391,
20-10-0392,
20-10-0393,
20-10-0394,
20-10-0395,
20-10-0396,
20-10-0397,
20-10-0398,
20-10-0399,
20-10-0400,
20-10-0401,
20-10-0405,
20-10-0406,
20-10-0407,
20-10-0408,
20-10-0409,
20-10-0410,
20-10-0411,
20-10-0412,
20-10-0414,
20-10-0415,
20-10-0416,
20-10-0417,
20-10-0419,
20-10-0421,
20-10-0422,
20-10-0423,
20-10-0424,
20-10-0426,
20-10-0427,
20-10-0428,
20-10-0429,
20-10-0430,
20-10-0431,
20-10-0432,
20-10-0433,
20-10-0434,
20-10-0435,
20-10-0436,
20-10-0437,
20-10-0438,
20-10-0439,
20-10-0440,
20-10-0441,
20-10-0442,
20-10-0443,
20-10-0444,
20-10-0445,
20-10-0446,
20-10-0448,
20-10-0449,
20-10-0450,
20-10-0451,
20-10-0452,
20-20-0001,
20-20-0002,
20-20-0003,
20-20-0004,
20-20-0005,
20-20-0006,
20-20-0007,
20-20-0008,
20-20-0009,
20-20-0010,
20-20-0011,
20-20-0012,
20-20-0013,
20-20-0014,
20-20-0015,
20-20-0016,
20-20-0017,
20-20-0018,
20-20-0019,
20-20-0020,
20-20-0021,
20-20-0022,
20-20-0023,
20-20-0024,
20-20-0025,
20-20-0026,
20-20-0027,
20-20-0028,
20-20-0029,
20-20-0030,
20-20-0031,
20-20-0032,
20-20-0034,
20-20-0035,
20-20-0036,
20-20-0038,
20-20-0039,
20-20-0040,
20-20-0041,
20-20-0042,
20-20-0043,
20-20-0044,
20-20-0045,
20-20-0046,
20-20-0047,
20-20-0048,
20-20-0049,
20-20-0050,
20-20-0051,
20-20-0052,
20-20-0053,
20-20-0054,
20-20-0055,
20-20-0056,
20-20-0057,
20-20-0058,
20-20-0059,
20-20-0060,
20-20-0061,
20-20-0062,
20-20-0064,
20-20-0065,
20-20-0066,
20-20-0067,
20-20-0068,
20-20-0069,
20-20-0070,
20-20-0071,
20-20-0072,
20-20-0073,
20-20-0074,
20-20-0076,
20-20-0077,
20-20-0078,
20-20-0079,
20-20-0080,
20-20-0081,
20-20-0082,
20-20-0083,
20-20-0084,
20-20-0085,
20-20-0086,
20-20-0087,
20-20-0088,
20-20-0089,
20-20-0090,
20-20-0091,
20-20-0092,
20-20-0093,
20-20-0094,
20-20-0095,
20-20-0096,
20-20-0097,
20-20-0098,
20-20-0099,
20-20-0100,
20-20-0101,
20-20-0102,
20-20-0103,
20-20-0104,
20-20-0105,
20-20-0106,
20-20-0107,
20-20-0108,
20-20-0109,
20-20-0110,
20-20-0111,
20-20-0112,
20-20-0113,
20-20-0114,
20-20-0115,
20-20-0116,
20-20-0117,
20-20-0118,
20-20-0119,
20-20-0120,
20-20-0121,
20-20-0122,
20-20-0123,
20-20-0124,
20-20-0125,
20-20-0126,
20-20-0127,
20-20-0128,
20-20-0129,
20-20-0130,
20-20-0131,
20-20-0132,
20-20-0133,
20-20-0135,
20-20-0136,
20-20-0137,
20-20-0139,
20-20-0140,
20-20-0141,
20-20-0142,
20-20-0143,
20-20-0144,
20-20-0145,
20-20-0146,
20-20-0147,
20-20-0149,
20-20-0150,
20-20-0151,
20-20-0152,
20-20-0153,
20-20-0155,
20-20-0157,
20-20-0158,
20-20-0159,
20-20-0160,
20-20-0161,
20-20-0162,
20-20-0163,
20-20-0164,
20-20-0165,
20-20-0166,
20-20-0167,
20-20-0168,
20-20-0169,
20-20-0171,
20-20-0172,
20-20-0173,
20-20-0174,
20-20-0175,
20-20-0176,
20-20-0177,
20-20-0178,
20-20-0179,
20-20-0180,
20-20-0181,
20-20-0182,
20-20-0183,
20-20-0184,
20-20-0185,
20-20-0186,
20-20-0187,
20-20-0188,
20-20-0189,
20-20-0190,
20-20-0191,
20-20-0192,
20-20-0193,
20-20-0194,
20-20-0195,
20-20-0196,
20-20-0197,
20-20-0198,
20-20-0199,
20-20-0200,
20-20-0201,
20-20-0202,
20-20-0203,
20-20-0204,
20-20-0205,
20-20-0206,
20-20-0210,
20-20-0211,
20-20-0212,
20-20-0213,
20-20-0216,
20-20-0217,
20-20-0218,
20-20-0219,
20-20-0220,
20-20-0221,
20-20-0222,
20-20-0223,
20-20-0224,
20-20-0225,
20-20-0226,
20-20-0227,
20-20-0228,
20-20-0229,
20-20-0230,
20-20-0231,
20-20-0232,
20-20-0233,
20-20-0234,
20-20-0235,
20-20-0236,
20-20-0237,
20-20-0238,
20-20-0239,
20-20-0240,
20-20-0241,
20-20-0242,
20-20-0243,
20-20-0245,
20-20-0246,
20-20-0247,
20-20-0248,
20-30-0001,
20-30-0002,
20-30-0003,
20-30-0006,
20-30-0008,
20-30-0009,
20-30-0010,
20-30-0011,
20-30-0012,
20-30-0013,
20-30-0014,
20-30-0015,
20-30-0016,
20-30-0017,
20-30-0018,
20-30-0019,
20-30-0020,
20-30-0021,
20-30-0022,
20-30-0024,
20-30-0025,
20-30-0026,
20-30-0027,
20-30-0028,
20-30-0030,
20-30-0031,
20-30-0032,
20-30-0033,
20-30-0034,
20-30-0035,
20-30-0036,
20-30-0038,
20-30-0039,
20-30-0040,
20-30-0043,
20-30-0045,
20-30-0048,
20-30-0052,
20-30-0053,
20-30-0054,
20-30-0055,
20-30-0056,
20-30-0057,
20-30-0058,
20-40-0001,
20-40-0002,
20-40-0003,
20-40-0004,
20-40-0005,
20-40-0006,
20-40-0007,
20-40-0008,
20-40-0009,
20-40-0010,
20-40-0011,
20-40-0012,
20-40-0013,
20-40-0014,
20-40-0015,
20-40-0016,
20-40-0017,
20-40-0018,
20-50-0002,
20-50-0003,
20-50-0004,
20-50-0005,
20-50-0007,
20-50-0011,
20-50-0014,
20-50-0015,
20-50-0020,
20-50-0021,
20-50-0022,
20-50-0023,
20-50-0024,
20-50-0025,
20-50-0026,
20-50-0027,
20-50-0028,
20-50-0029,
20-50-0030,
20-50-0031,
20-50-0032,
20-50-0034,
20-50-0035,
20-50-0036,
20-50-0037,
20-50-0038,
20-50-0039,
20-50-0040,
20-50-0041,
20-50-0042,
20-50-0043,
20-50-0044,
20-50-0045,
20-50-0046,
20-50-0047,
20-50-0048,
20-50-0049,
20-50-0050,
20-50-0052,
20-50-0054,
20-50-0055,
20-50-0056,
20-50-0057,
20-50-0058,
20-50-0059,
20-50-0060,
20-50-0061,
20-50-0062,
20-50-0063,
20-50-0065,
20-50-0066,
20-50-0067,
20-50-0068,
20-50-0069,
20-50-0070,
20-50-0072,
20-50-0073,
20-50-0074,
20-50-0075,
20-50-0076,
20-50-0077,
20-50-0079,
20-50-0080,
20-50-0081,
20-50-0082,
20-50-0083,
20-50-0084,
20-50-0085,
20-50-0086,
20-50-0087,
20-50-0088,
20-50-0089,
20-50-0090,
20-50-0091,
20-50-0092,
20-50-0093,
20-50-0094,
20-50-0095,
20-50-0096,
20-50-0098,
20-50-0099,
20-50-0100,
20-50-0101,
20-50-0102,
20-50-0103,
20-50-0104,
20-50-0105,
20-50-0106,
20-60-0001,
20-60-0002,
20-60-0003,
20-60-0004,
20-60-0005,
20-60-0006,
20-60-0007,
20-60-0008,
20-60-0009,
20-60-0010,
20-60-0011,
20-60-0012,
20-60-0013,
20-60-0014,
20-60-0016,
20-60-0017,
20-60-0018,
20-60-0019,
20-60-0020,
20-60-0021,
20-60-0022,
20-60-0024,
20-60-0025,
20-60-0026,
20-60-0027,
20-60-0028,
20-60-0029,
20-60-0030,
20-60-0031,
20-60-0032,
20-60-0034,
20-60-0037,
20-60-0039,
20-60-0040,
20-60-0041,
20-60-0043,
20-60-0044,
20-60-0045,
20-60-0046,
20-60-0047,
20-60-0048,
20-60-0049,
20-60-0050,
20-60-0052,
20-60-0053,
20-60-0054,
20-60-0055,
20-60-0056,
20-60-0057,
20-60-0058,
20-60-0059,
20-60-0060,
20-60-0061,
20-60-0062,
20-60-0063,
20-60-0064,
20-60-0066,
20-60-0067,
20-60-0068,
20-60-0069,
20-60-0070,
20-60-0071,
20-60-0072,
20-60-0073,
20-60-0074,
20-60-0075,
20-60-0076,
20-60-0077,
20-60-0080,
20-60-0081,
20-60-0082,
20-60-0083,
20-60-0084,
20-60-0085,
20-60-0086,
20-60-0087,
20-60-0088,
20-60-0089,
20-60-0090,
20-60-0091,
20-60-0092,
20-60-0093,
20-60-0094,
20-60-0095,
20-60-0096,
20-60-0097,
20-60-0098,
20-60-0099,
20-60-0100,
20-60-0101,
20-60-0102,
20-60-0103,
20-60-0104,
20-60-0105,
20-60-0106,
20-60-0107,
20-60-0108,
20-60-0109,
20-60-0110,
20-60-0111,
20-60-0112,
20-60-0113,
20-60-0114,
20-60-0115,
20-60-0116,
20-60-0117,
20-60-0118,
20-60-0120,
20-60-0121,
20-60-0122,
20-60-0123,
20-60-0124,
20-60-0125,
20-60-0126,
20-60-0130,
20-60-0131,
20-60-0132,
20-60-0133,
20-60-0134,
20-60-0135,
20-60-0136,
20-60-0137,
20-60-0138,
20-60-0139,
20-60-0140,
20-60-0141,
20-60-0142,
20-60-0143,
20-60-0144,
20-60-0145,
20-60-0146,
20-60-0147,
20-60-0148,
20-60-0149,
20-60-0150,
20-60-0151,
20-60-0152,
20-60-0153,
20-60-0154,
20-60-0155,
20-60-0156,
20-60-0157,
20-60-0158,
20-60-0159,
20-60-0160,
20-60-0161,
20-60-0162,
20-60-0163,
20-60-0164,
20-70-0001,
20-70-0002,
20-70-0004,
20-70-0005,
20-70-0006,
20-70-0007,
20-70-0008,
20-70-0009,
20-70-0010,
20-70-0011,
20-70-0013,
20-70-0014,
20-70-0015,
20-70-0016,
20-70-0017,
20-70-0018,
20-70-0019,
20-70-0020,
20-80-0001,
20-80-0002,
20-80-0003,
20-80-0006,
20-80-0008,
20-80-0009,
20-80-0010,
20-80-0011,
20-80-0012,
20-80-0013,
20-80-0014,
20-80-0015,
20-80-0016,
20-80-0017,
20-80-0018,
20-80-0019,
20-80-0020,
20-80-0021,
20-80-0022,
20-80-0023,
20-80-0024,
20-80-0025,
20-80-0026,
20-80-0027,
20-80-0029,
20-80-0030,
20-80-0031,
20-80-0032,
20-80-0033,
20-80-0034,
20-80-0035,
20-80-0036,
20-80-0037,
20-80-0039,
20-80-0040,
20-80-0041,
20-80-0042,
20-80-0043,
20-80-0044,
20-80-0045,
20-80-0046,
20-80-0047,
20-80-0048,
20-80-0049,
20-80-0050,
20-80-0051,
20-80-0052,
20-80-0053,
20-80-0054,
20-80-0055,
20-80-0056,
20-80-0057,
20-80-0058,
20-80-0059,
20-80-0060,
20-80-0061,
20-80-0062,
20-80-0063,
20-80-0064,
20-80-0065,
20-80-0066,
20-80-0067,
20-80-0068,
20-80-0070,
20-80-0071,
20-80-0072,
20-80-0073,
20-80-0074,
20-80-0075,
20-80-0076,
20-80-0077,
20-80-0078,
20-80-0079,
20-80-0080,
20-80-0081,
20-80-0083,
20-80-0084,
20-80-0085,
20-80-0086,
20-80-0087,
20-80-0088,
20-80-0089,
20-80-0090,
20-80-0091,
20-80-0092,
20-80-0093,
20-80-0094,
20-80-0096,
20-80-0097,
20-80-0098,
20-80-0099,
20-80-0100,
20-80-0101,
20-80-0102,
20-80-0103,
20-80-0104,
20-80-0105,
20-80-0106,
20-80-0107,
20-80-0109,
20-80-0110,
20-80-0111,
20-80-0112,
20-80-0113,
20-80-0114,
20-80-0115,
20-80-0116,
20-80-0117,
20-80-0118,
20-80-0119,
20-80-0120,
20-80-0121,
20-80-0122,
20-80-0123,
20-80-0124,
20-80-0125,
20-80-0126,
20-80-0127,
20-80-0128,
20-80-0129,
20-80-0130,
20-80-0131,
20-80-0132,
20-80-0133,
20-80-0134,
20-80-0135,
20-80-0136,
20-80-0137,
20-80-0138,
20-80-0139,
20-80-0140,
20-80-0141,
20-80-0142,
20-80-0143,
20-80-0144,
20-80-0145,
20-80-0146,
20-80-0147,
20-80-0148,
20-80-0149,
20-80-0150,
20-80-0151,
20-80-0152,
20-80-0153,
20-80-0154,
20-80-0155,
20-80-0156,
20-80-0157,
20-80-0158,
20-80-0159,
20-80-0160,
20-80-0161,
20-80-0162,
20-80-0163,
20-80-0164,
20-80-0165,
20-80-0166,
20-80-0167,
20-80-0168,
20-80-0169,
20-80-0170,
20-80-0171,
20-80-0172,
20-80-0173,
20-80-0174,
20-80-0175,
20-80-0176,
20-80-0177,
20-80-0178,
20-80-0179,
20-80-0180,
20-80-0181,
20-80-0182,
20-80-0183,
20-80-0184,
20-80-0185,
20-80-0186,
20-80-0187,
20-80-0188,
20-80-0189,
20-80-0190,
20-80-0191,
20-80-0192,
20-80-0193,
20-80-0195,
20-80-0197,
20-80-0198,
20-80-0200,
20-80-0201,
20-80-0202,
20-80-0203,
20-80-0204,
20-80-0205,
20-80-0206,
20-80-0207,
20-80-0208,
20-80-0209,
20-80-0210,
20-80-0211,
20-80-0213,
20-80-0214,
20-80-0215,
20-80-0216,
20-80-0217,
20-80-0218,
20-80-0220,
20-80-0221,
20-80-0222,
20-80-0223,
20-80-0224,
20-80-0225,
20-80-0226,
20-80-0227,
20-80-0228,
20-80-0229,
20-80-0230,
20-80-0231,
20-80-0232,
20-80-0233,
20-80-0234,
20-80-0235,
20-80-0236,
20-80-0237,
20-80-0238,
20-80-0239,
20-80-0240,
20-80-0241,
20-80-0242,
20-80-0243,
20-80-0245,
20-80-0246,
20-80-0247,
20-80-0248,
20-80-0249,
20-80-0250,
30-10-0001,
30-10-0002,
30-20-0001,
30-20-0002,
30-20-0003,
30-30-0001,
30-30-0002,
30-30-0003,
30-30-0004,
30-30-0005,
30-30-0006,
30-30-0007,
30-30-0008,
30-30-0009,
30-30-0010,
30-30-0011,
30-30-0012,
30-30-0013,
30-30-0014,
30-30-0015,
30-30-0016,
30-30-0017,
30-30-0018,
30-30-0019,
30-30-0020,
30-30-0021,
30-30-0022,
30-30-0023,
30-30-0024,
30-30-0025,
30-30-0026,
30-30-0027,
30-30-0028,
30-30-0029,
30-40-0001,
30-40-0002,
30-40-0003,
30-40-0004,
30-40-0005,
30-40-0006,
30-40-0007,
30-40-0008,
30-40-0009,
30-40-0010,
30-40-0011,
30-40-0012,
30-40-0013,
30-40-0015,
30-40-0020,
30-40-0025,
40-10-0001,
40-10-0002,
40-10-0003,
40-10-0004,
40-10-0005,
40-10-0006,
40-10-0007,
40-10-0008,
40-10-0009,
40-10-0010,
40-10-0011,
40-10-0012,
40-10-0013,
40-10-0014,
40-10-0015,
40-10-0016,
40-10-0017,
40-10-0018,
40-10-0019,
40-10-0021,
40-10-0023,
40-10-0024,
40-10-0026,
40-10-0027,
40-10-0028,
40-10-0029,
40-10-0030,
40-10-0031,
40-10-0032,
40-10-0033,
40-10-0034,
40-10-0035,
40-10-0036,
40-10-0037,
40-10-0038,
40-10-0039,
40-10-0040,
40-10-0041,
40-10-0043,
40-10-0044,
40-10-0045,
40-10-0046,
40-10-0048,
40-10-0049,
40-10-0050,
40-10-0051,
40-10-0055,
40-10-0056,
40-10-0057,
40-10-0058,
40-10-0059,
40-10-0060,
40-10-0061,
40-10-0062,
40-10-0063,
40-10-0064,
40-10-0065,
40-10-0066,
40-10-0067,
40-20-0001,
40-20-0002,
40-20-0003,
40-20-0004,
40-20-0005,
40-20-0006,
40-20-0007,
40-20-0009,
40-20-0010,
40-20-0011,
40-20-0012,
40-20-0014,
40-20-0015,
40-20-0016,
40-20-0017,
40-20-0018,
40-20-0019,
40-20-0020,
40-20-0021,
40-20-0022,
40-20-0023,
40-20-0024,
40-20-0025,
40-20-0026,
40-20-0027,
40-20-0029,
40-20-0030,
40-20-0031,
40-20-0032,
40-20-0034,
40-20-0035,
40-20-0036,
40-20-0037,
40-20-0038,
40-20-0039,
40-20-0040,
40-20-0041,
40-20-0042,
40-20-0043,
40-20-0047,
40-20-0048,
40-20-0049,
40-20-0050,
40-20-0051,
40-20-0052,
40-20-0053,
40-20-0054,
40-20-0055,
40-20-0056,
40-20-0057,
40-20-0059,
40-20-0060,
40-20-0061,
40-20-0062,
40-20-0063,
40-20-0064,
40-20-0065,
40-20-0066,
40-20-0067,
40-20-0068,
40-20-0069,
40-20-0070,
40-20-0071,
40-20-0072,
40-20-0073,
40-20-0074,
40-20-0075,
40-20-0076,
40-20-0077,
40-20-0078,
40-20-0079,
40-20-0080,
40-20-0081,
40-20-0082,
40-20-0083,
40-20-0084,
40-20-0087,
40-20-0088,
40-20-0089,
40-20-0090,
40-20-0091,
40-20-0092,
40-20-0093,
40-20-0094,
40-20-0095,
40-20-0096,
40-20-0097,
40-20-0098,
40-20-0099,
40-20-0100,
40-20-0101,
40-20-0102,
40-20-0103,
40-20-0104,
40-20-0105,
40-20-0106,
40-20-0107,
40-20-0108,
40-20-0109,
40-20-0110,
40-20-0111,
40-20-0112,
40-20-0113,
40-20-0114,
40-20-0117,
40-20-0118,
40-20-0119,
40-20-0120,
40-20-0121,
40-20-0122,
40-20-0123,
40-20-0124,
40-20-0125,
40-20-0126,
40-20-0127,
40-20-0128,
40-20-0129,
40-20-0130,
40-20-0131,
40-20-0132,
40-20-0133,
40-20-0134,
40-20-0135,
40-20-0136,
40-20-0137,
40-20-0138,
40-20-0139,
40-20-0140,
40-20-0141,
40-20-0142,
40-20-0143,
40-20-0144,
40-20-0145,
40-20-0146,
40-20-0147,
40-20-0148,
40-20-0149,
40-20-0150,
40-20-0151,
40-20-0152,
40-20-0153,
40-20-0154,
40-20-0155,
40-20-0156,
40-20-0157,
40-20-0158,
40-20-0159,
40-20-0160,
40-20-0161,
40-20-0162,
40-20-0163,
40-20-0164,
40-20-0165,
40-20-0166,
40-20-0167,
40-20-0168,
40-20-0169,
40-20-0170,
40-20-0171,
40-20-0172,
40-20-0173,
40-20-0174,
40-20-0175,
40-20-0176,
40-20-0177,
40-20-0178,
40-20-0179,
40-20-0180,
40-20-0181,
40-20-0182,
40-20-0183,
40-20-0185,
40-20-0186,
40-20-0187,
40-20-0188,
40-20-0189,
40-20-0190,
40-20-0191,
40-20-0192,
40-20-0193,
40-20-0194,
40-20-0195,
40-20-0197,
40-20-0198,
40-20-0199,
40-20-0200,
40-20-0201,
40-20-0203,
40-20-0204,
40-20-0205,
40-20-0206,
40-20-0207,
40-20-0208,
40-20-0209,
40-20-0210,
40-20-0211,
40-20-0212,
40-20-0213,
40-20-0214,
40-20-0215,
40-20-0216,
40-20-0217,
40-20-0218,
40-20-0219,
40-20-0220,
40-20-0221,
40-20-0222,
40-20-0223,
40-20-0224,
40-20-0225,
40-20-0226,2590.00
40-20-0227,9408.00
40-20-0228,910.00
40-20-0229,560.00
40-20-0230,126.00
40-20-0231,910.00
40-20-0232,
40-20-0233,
40-20-0234,
40-20-0235,
40-20-0236,
40-20-0237,
40-20-0238,
40-20-0240,
40-20-0241,
40-20-0242,
40-20-0243,
40-20-0244,
40-20-0245,
40-20-0246,
40-20-0247,
40-20-0248,
40-20-0249,
40-20-0250,
40-20-0251,
40-20-0252,
40-20-0253,
40-20-0254,
40-20-0255,
40-20-0256,
40-20-0257,
40-20-0258,
40-20-0259,
40-20-0260,
40-20-0261,
40-20-0262,
40-20-0263,
40-20-0264,
40-20-0265,
40-20-0266,
40-20-0267,
40-20-0268,
40-20-0269,
40-20-0270,
40-20-0271,
40-20-0272,
40-20-0273,
40-20-0274,
40-20-0275,
40-20-0276,
40-20-0277,
40-20-0278,
40-20-0279,
40-20-0280,
40-20-0281,
40-20-0282,
40-20-0283,
40-20-0284,
40-20-0285,
40-20-0286,
40-20-0287,
40-20-0288,
40-20-0289,
40-20-0290,
40-20-0291,
40-20-0292,
40-20-0293,
40-20-0294,
40-20-0296,
40-20-0297,
40-20-0298,
40-20-0299,
40-20-0300,
40-20-0301,
40-20-0302,
40-20-0303,
40-20-0304,
40-20-0305,
40-20-0306,
40-20-0307,
40-20-0309,
40-20-0310,
40-20-0311,
40-20-0312,
40-20-0313,
40-20-0314,
40-20-0315,
40-20-0316,
40-20-0317,
40-20-0318,
40-20-0319,
40-20-0320,
40-20-0321,
40-20-0322,
40-20-0323,
40-20-0324,
40-20-0325,
40-20-0326,
40-20-0328,
40-20-0329,
40-20-0330,
40-20-0331,
40-20-0332,
40-20-0333,
40-20-0334,
40-20-0335,
40-20-0336,
40-20-0337,
40-20-0338,
40-20-0339,
40-20-0340,
40-20-0341,
40-20-0342,
40-20-0343,
40-20-0344,
40-20-0345,
40-20-0346,
40-20-0347,
40-20-0348,
40-20-0349,
40-20-0350,
40-20-0351,
40-20-0352,
40-20-0353,
40-20-0354,
40-20-0355,
40-20-0356,
40-20-0357,
40-20-0358,
40-20-0359,
40-20-0400,
40-20-0401,
40-20-0402,
40-20-0403,
40-20-0404,
40-20-0405,
40-20-0406,
40-20-0407,
40-20-0408,
40-20-0409,
40-20-0410,
40-20-0411,
40-20-0412,
40-20-0413,
40-20-0414,
40-20-0415,
40-20-0416,
40-20-0417,
40-20-0418,
40-20-0419,
40-20-0420,
40-20-0421,
40-20-0422,
40-20-0423,
40-20-0424,
40-20-0425,
40-20-0426,
40-20-0427,
40-20-0428,
40-20-0429,
40-20-0430,
40-20-0431,
40-20-0432,
40-20-0433,
40-20-0434,
40-20-0435,
40-20-0436,
40-20-0437,
40-20-0438,
40-20-0439,
40-20-0440,
40-20-0441,
40-20-0442,
40-20-0443,
40-20-0444,
40-20-0445,
40-20-0446,
40-20-0447,
40-20-0448,
40-20-0449,
40-20-0450,
40-20-0451,
40-20-0452,
40-20-0453,
40-20-0454,
40-20-0455,
40-20-0457,
40-20-0458,
40-20-0459,
40-20-0460,
40-20-0461,
40-20-0473,
40-20-0474,
40-20-0476,
40-20-0477,
40-20-0478,
40-20-0479,
40-20-0480,
40-20-0481,
40-20-0482,
40-20-0483,
40-20-0484,
40-20-0485,
40-20-0486,
40-20-0487,
40-20-0488,
40-20-0489,
40-20-0490,
40-20-0491,
40-20-0492,
40-20-0493,
40-20-0494,
40-20-0495,
40-20-0496,
40-20-0497,
40-20-0498,
40-20-0499,
40-20-0500,
40-20-0501,
40-20-0502,
40-20-0503,
40-20-0504,
40-20-0505,
40-20-0506,
40-20-0507,
40-20-0508,
40-20-0509,
40-20-0510,
40-20-0511,
40-20-0512,
40-20-0513,
40-20-0514,
40-20-0515,
40-20-0516,
40-20-0517,
40-20-0518,
40-20-0519,
40-20-0520,
40-20-0521,
40-20-0522,
40-20-0523,
40-20-0524,
40-20-0525,
40-20-0526,
40-20-0527,
40-20-0528,
40-20-0529,
40-20-0530,
40-20-0531,
40-20-0532,
40-20-0533,
40-20-0534,
40-20-0535,
40-20-0536,
40-20-0537,
40-20-0538,
40-20-0539,
40-20-0540,
40-20-0542,
40-20-0543,
40-20-0544,
40-20-0545,
40-20-0546,
40-20-0547,
40-20-0548,
40-20-0549,
40-20-0550,
40-20-0551,
40-20-0552,
40-20-0553,
40-20-0554,
40-20-0555,
40-20-0556,
40-20-0559,
40-20-0560,
40-20-0561,
40-20-0562,
40-20-0563,
40-20-0564,
40-20-0565,
40-20-0566,
40-20-0567,
40-20-0568,
40-20-0569,
40-20-0570,
40-20-0571,
40-20-0572,
40-20-0573,
40-20-0574,
40-20-0575,
40-20-0576,
40-20-0577,
40-20-0578,
40-20-0579,
40-20-0580,
40-20-0581,
40-20-0582,
40-20-0583,
40-20-0584,
40-20-0585,
40-20-0586,
40-20-0587,
40-20-0588,
40-20-0589,
40-20-0590,
40-20-0591,
40-20-0592,
40-20-0593,
40-20-0594,
40-20-0595,
40-20-0596,
40-20-0597,
40-20-0598,
40-20-0599,
40-20-0600,
40-20-0601,
40-20-0602,
40-20-0603,
40-20-0604,
40-20-0606,
40-20-0607,
40-20-0608,
40-20-0609,
40-20-0610,
40-20-0611,
40-20-0612,
40-20-0613,
40-20-0614,
40-20-0615,
40-20-0616,
40-20-0618,
40-20-0619,
40-20-0620,
40-20-0621,
40-20-0622,
40-20-0623,
40-20-0624,
40-20-0625,
40-20-0627,
40-20-0628,
40-20-0629,
40-20-0630,
40-20-0631,
40-20-0632,
40-20-0633,
40-20-0634,
40-20-0635,
40-20-0636,
40-20-0637,
40-20-0638,
40-20-0639,
40-20-0640,
40-20-0641,
40-20-0642,
40-20-0643,
40-20-0644,
40-20-0645,
40-20-0646,
40-20-0647,
40-20-0648,
40-20-0649,
40-20-0650,
40-20-0651,
40-20-0652,
40-20-0653,
40-20-0654,
40-20-0655,
40-20-0657,
40-20-0658,
40-20-0659,
40-20-0660,
40-20-0661,
40-20-0662,
40-30-0001,
40-30-0002,
40-30-0003,
40-30-0004,
40-30-0005,
40-30-0006,
40-30-0007,
40-30-0008,
40-30-0009,
40-30-0010,
40-30-0011,
40-30-0012,
40-30-0013,
40-30-0014,
40-30-0016,
40-30-0017,
40-30-0018,
40-30-0019,
40-30-0021,
40-30-0022,
40-30-0023,
40-30-0024,
40-30-0025,
40-30-0026,
40-30-0027,
40-30-0028,
40-30-0029,
40-30-0030,
40-30-0031,
40-30-0032,
40-30-0034,
40-30-0035,
40-30-0036,
40-30-0037,
40-30-0038,
40-30-0039,
40-30-0041,
40-30-0042,
40-30-0043,
40-30-0044,
40-30-0045,
40-30-0046,
40-30-0047,
40-30-0048,
40-30-0049,
40-30-0050,
40-30-0051,
40-30-0053,
40-30-0054,
40-30-0055,
40-30-0056,
40-30-0057,
40-30-0058,
40-30-0059,
40-30-0060,
40-30-0061,
40-30-0062,
40-30-0063,
40-30-0064,
40-30-0065,
40-30-0066,
40-30-0067,
40-30-0068,
40-30-0069,
40-30-0071,
40-30-0072,
40-30-0073,
40-30-0074,
40-30-0075,
40-30-0076,
40-30-0077,
40-30-0078,
40-30-0079,
40-30-0082,
40-30-0083,
40-30-0084,
40-30-0085,
40-30-0086,
40-30-0087,
40-30-0088,
40-30-0089,
40-30-0090,
40-30-0091,
40-30-0092,
40-30-0093,
40-30-0094,
40-30-0095,
40-30-0096,
40-30-0118,
40-30-0127,
40-30-0132,
40-30-0133,
40-30-0134,
40-30-0135,
40-30-0136,
40-30-0137,
40-30-0138,
40-30-0139,
40-30-0140,
40-30-0141,
40-30-0143,
40-30-0144,
40-30-0145,
40-30-0146,
40-30-0147,
40-30-0148,
40-30-0149,
40-30-0150,
40-30-0152,
40-30-0153,
40-30-0154,
40-30-0155,
40-30-0156,
40-30-0157,
40-30-0158,
40-30-0159,
40-30-0160,
40-30-0161,
40-30-0163,
40-30-0164,
40-30-0165,
40-30-0166,
40-30-0167,
40-30-0168,
40-30-0169,
40-30-0170,
40-30-0171,
40-30-0172,
40-30-0174,
40-30-0175,
40-30-0176,
40-30-0177,
40-30-0178,
40-30-0179,
40-30-0180,
40-30-0181,
40-30-0182,
40-30-0183,
40-30-0184,
40-30-0185,
40-30-0186,
40-30-0187,
40-30-0188,
40-30-0189,
40-30-0190,
40-30-0191,
40-30-0192,
40-30-0193,
40-30-0195,
40-30-0196,
40-30-0199,
40-30-0200,
40-30-0201,
40-30-0202,
40-30-0204,
40-30-0205,
40-30-0206,
40-30-0207,
40-30-0208,
40-30-0209,
40-30-0210,
40-30-0211,
40-30-0212,
40-30-0213,
40-30-0214,
40-30-0215,
40-30-0216,
40-30-0217,
40-30-0218,
40-30-0219,
40-30-0220,
40-30-0221,
40-30-0222,
40-30-0223,
40-30-0224,
40-30-0225,
40-30-0226,
40-30-0227,
40-30-0228,
40-30-0229,
40-30-0230,
40-30-0231,
40-30-0232,
40-30-0233,
40-30-0234,
40-30-0235,
40-30-0236,
40-30-0237,
40-30-0238,
40-30-0239,
40-30-0240,
40-30-0241,
40-30-0242,
40-30-0243,
40-30-0244,
40-30-0245,
40-30-0246,
40-30-0247,
40-30-0248,
40-30-0249,
40-30-0250,
40-30-0251,
40-30-0252,
40-30-0253,
40-30-0254,
40-30-0255,
40-30-0256,
40-30-0257,
40-30-0258,
40-30-0259,
40-40-0001,
40-40-0002,
40-40-0003,
40-40-0004,
40-40-0005,
40-40-0006,
40-40-0007,
40-40-0008,
40-40-0009,
40-40-0010,
40-40-0011,
40-40-0012,
40-40-0013,
40-40-0014,
40-40-0015,
40-40-0016,
40-40-0017,
40-40-0018,
40-40-0020,
40-40-0021,
40-40-0022,
40-40-0023,
40-40-0024,
40-40-0025,
40-40-0026,
40-40-0027,
40-40-0028,
40-40-0029,
40-40-0030,
40-40-0031,
40-40-0032,
40-40-0033,
40-40-0034,
40-40-0035,
40-40-0036,
40-40-0037,
40-40-0038,
40-40-0039,
40-40-0040,
40-40-0041,
40-40-0042,
40-40-0043,
40-40-0044,
40-40-0045,
40-40-0046,
40-40-0047,
40-40-0048,
40-40-0049,
40-40-0050,
40-40-0052,
40-40-0053,
40-40-0054,
40-40-0055,
40-40-0056,
40-40-0057,
40-40-0058,
40-40-0059,
40-40-0060,
40-40-0061,
40-40-0062,
40-40-0063,
40-40-0064,
40-40-0065,
40-40-0066,
40-40-0067,
40-40-0068,
40-40-0069,
40-40-0070,
40-40-0071,
40-40-0072,
40-40-0073,
40-40-0074,
40-40-0075,
40-40-0076,
40-40-0077,
40-40-0078,
40-40-0079,
40-40-0080,
40-40-0082,
40-40-0083,
40-40-0084,
40-40-0085,
40-40-0086,
40-40-0087,
40-40-0088,
40-40-0089,
40-40-0090,
40-40-0091,
40-40-0092,
40-40-0093,
40-40-0094,
40-40-0095,
40-40-0096,
40-40-0097,
40-40-0098,
40-40-0099,
40-40-0100,
40-40-0101,
40-40-0102,
40-40-0103,
40-40-0104,
40-40-0105,
40-40-0106,
40-40-0107,
40-40-0108,
40-40-0109,
40-40-0110,
40-40-0111,
40-40-0112,
40-40-0113,
40-40-0114,
40-40-0115,
40-40-0116,
40-40-0117,
40-40-0118,
40-40-0119,
40-40-0120,
40-40-0121,
40-40-0122,
40-40-0123,
40-40-0124,
40-40-0125,
40-40-0126,
40-40-0127,
40-40-0128,
40-40-0129,
40-40-0130,
40-40-0131,
40-40-0132,
40-40-0133,
40-40-0134,
40-40-0135,
40-40-0136,
40-40-0137,
40-40-0138,
40-40-0139,
40-40-0140,
40-40-0141,
40-40-0142,
40-40-0143,
40-40-0144,
40-40-0145,
40-40-0146,
40-40-0147,
40-40-0148,
40-40-0149,
40-40-0150,
40-40-0151,
40-40-0152,
40-40-0153,
40-40-0154,
40-40-0155,
40-40-0156,
40-40-0157,
40-40-0158,
40-40-0159,
40-40-0161,
40-40-0162,
40-40-0163,
40-40-0164,
40-40-0165,
40-40-0166,
40-40-0167,
40-40-0168,
40-40-0169,
40-40-0170,
40-40-0171,
40-40-0172,
40-40-0173,
40-40-0174,
40-40-0175,
40-40-0176,
40-40-0177,
40-40-0178,
40-40-0179,
40-40-0180,
40-40-0181,
40-40-0183,
40-40-0184,
40-40-0185,
40-40-0186,
40-40-0187,
40-40-0188,
40-40-0189,
40-40-0190,
40-40-0191,
40-40-0192,
40-40-0193,
40-40-0194,
40-40-0195,
40-40-0196,
40-40-0197,
40-40-0198,
40-40-0199,
40-40-0200,
40-40-0201,
40-40-0202,
40-40-0203,
40-40-0204,
40-40-0205,
40-40-0206,
40-40-0207,
40-40-0208,
40-40-0209,
40-40-0210,
40-40-0211,
40-40-0212,
40-40-0214,
40-40-0215,
40-40-0216,
40-40-0217,
40-40-0218,
40-40-0219,
40-40-0220,
40-40-0221,
40-40-0222,
40-40-0223,
40-40-0224,
40-40-0225,
40-40-0226,
40-40-0227,
40-40-0228,
40-40-0229,
40-40-0230,
40-40-0231,
40-40-0232,
40-40-0233,
40-40-0234,
40-40-0235,
40-40-0236,
40-40-0237,
40-40-0238,
40-40-0239,
40-40-0240,
40-40-0241,
40-40-0242,
40-40-0243,
40-40-0244,
40-40-0245,
40-40-0246,
40-40-0247,
40-40-0248,
40-40-0249,
40-40-0250,
40-40-0251,
40-40-0252,
40-40-0253,
40-40-0254,
40-40-0255,
40-40-0256,
40-40-0257,
40-40-0258,
40-40-0259,
40-40-0260,
40-40-0261,
40-40-0262,
40-40-0263,
40-40-0264,
40-40-0265,
40-40-0266,
40-40-0267,
40-40-0268,
40-40-0269,
40-40-0270,
40-40-0271,
40-40-0272,
40-40-0273,
40-40-0274,
40-40-0275,
40-40-0276,
40-40-0277,
40-40-0278,
40-40-0279,
40-40-0280,
40-40-0281,
40-40-0282,
40-40-0283,
40-40-0284,
40-40-0285,
40-40-0286,
40-40-0287,
40-40-0288,
40-40-0289,
40-40-0290,
40-40-0291,
40-40-0292,
40-40-0293,
40-40-0294,
40-40-0295,
40-40-0296,
40-40-0297,
40-40-0298,
40-40-0299,
40-40-0300,
40-40-0301,
40-40-0302,
40-40-0303,
40-40-0305,
40-40-0306,
40-40-0307,
40-40-0308,
40-40-0309,
40-40-0310,
40-40-0311,
40-40-0312,
40-40-0313,
40-40-0314,
40-40-0315,
40-40-0316,
40-40-0317,
40-40-0318,
40-40-0319,
40-40-0320,
40-40-0321,
40-40-0322,
40-40-0323,
40-40-0324,
40-40-0325,
40-40-0326,
40-40-0327,
40-40-0328,
40-40-0329,
40-40-0330,
40-40-0331,
40-40-0332,
40-40-0333,
40-40-0335,
40-40-0336,
40-40-0337,
40-40-0338,
40-40-0339,
40-40-0340,
40-40-0341,
40-40-0342,
40-40-0343,
40-40-0344,
40-40-0345,
40-40-0346,
40-40-0347,
40-40-0348,
40-40-0349,
40-40-0350,
40-40-0351,
40-40-0352,
40-40-0353,
40-40-0354,
40-40-0355,
40-40-0356,
40-40-0357,
40-40-0358,
40-40-0359,
40-40-0360,
40-40-0361,
40-40-0362,
40-40-0363,
40-40-0364,
40-40-0365,
40-40-0366,
40-40-0367,
40-40-0368,
40-40-0369,
40-40-0370,
40-40-0371,
40-40-0373,
40-40-0374,
40-40-0375,
40-40-0376,
40-40-0377,
40-40-0378,
40-40-0379,
40-40-0380,
40-40-0381,
40-40-0382,
40-40-0383,
40-40-0384,
40-40-0385,
40-40-0386,
40-40-0387,
40-40-0388,
40-40-0389,
40-40-0390,
40-40-0391,
40-40-0392,
40-40-0393,
40-40-0394,
40-40-0395,
40-40-0397,
40-40-0398,
40-40-0400,
40-40-0401,
40-40-0402,
40-40-0403,
40-40-0404,
40-40-0405,
40-40-0406,
40-40-0407,
40-40-0408,
40-40-0409,
40-40-0410,
40-40-0411,
40-40-0412,
40-40-0413,
40-40-0414,
40-40-0415,
40-40-0416,
40-40-0417,
40-40-0418,
40-40-0419,
40-40-0420,
40-40-0421,
40-40-0422,
40-40-0423,
40-40-0424,
40-40-0425,
40-40-0426,
40-40-0428,
40-40-0429,
40-40-0430,
40-40-0431,
40-40-0432,
40-40-0433,
40-40-0434,
40-40-0435,
40-40-0436,
40-40-0437,
40-40-0438,
40-40-0439,
40-40-0440,
40-40-0441,
40-40-0442,
40-40-0443,
40-40-0444,
40-40-0445,
40-40-0446,
40-40-0449,
40-40-0450,
40-40-0451,
40-40-0452,
40-40-0453,
40-40-0454,
40-40-0455,
40-40-0456,
40-40-0457,
40-40-0458,
40-40-0459,
40-40-0460,
40-40-0461,
Test-Bottle-01,
Test-Bottle-02,
Test-Bottle-03,
Test-Bottle-05-400ml,
Test-Bottle-06-400ml,
Test-Bottle-07,
ZZ-40-20-0295,
ZZ-40-20-0295 : 40-20-0295,
ZZ-40-20-0308,
ZZ-40-20-0308 : 40-20-0308,
ZZ-40-20-0451,
ZZ-40-20-0573,
ZZ-40-20-0598,
